Array Length,Execution Time Merge Sort,Execution Time Insertion Sort
1,458,517
2,4145,709
3,5701,924
4,8546,13466
5,11841,13851
6,16639,14354
7,21683,14987
8,27157,15979
9,34698,16930
10,40177,18123
11,46146,19444
12,52751,21054
13,57347,23038
14,60456,25601
15,64015,27936
16,67207,30563
17,68805,33613
18,70351,36211
19,72059,37134
20,73766,38134
21,75757,39288
22,78028,40461
23,79947,41717
24,82376,43114
25,84640,44556
26,87935,46102
27,90422,47809
28,93181,49558
29,95895,51456
30,98636,53819
31,101574,55886
32,104534,58114
33,107531,60414
34,110646,63119
35,113982,65707
36,117279,68403
37,120993,71243
38,124461,74198
39,128138,77263
40,131925,80501
41,135740,83922
42,139937,89910
43,144041,93574
44,148152,97393
45,152594,101371
46,157012,105529
47,161529,109817
48,166069,114261
49,170643,118895
50,175365,123669
51,180629,133072
52,187501,138280
53,194060,143573
54,199227,149092
55,204548,156510
56,209916,162460
57,217238,168555
58,223887,174796
59,229763,181231
60,235587,187884
61,247739,194777
62,259694,201827
63,265860,209170
64,357706,217542
65,364086,225180
66,370733,232999
67,380006,241073
68,386593,249339
69,393516,257820
70,400724,266534
71,408359,275280
72,415221,284166
73,423107,293323
74,430399,302981
75,437729,312892
76,445097,324453
77,452876,334843
78,462423,345678
79,470046,356568
80,478016,367724
81,486244,379114
82,494432,390747
83,502519,402662
84,510967,414825
85,519513,427320
86,528062,440302
87,537212,454079
88,543887,468019
89,551369,481369
90,558999,496162
91,565544,509868
92,572353,523914
93,579142,539526
94,586338,556752
95,593200,574782
96,600251,590052
97,607165,605615
98,615261,622272
99,622240,640479
100,630642,659748
101,638089,678762
102,645977,696567
103,653176,717734
104,660998,735603
105,668452,753542
106,676319,775495
107,685146,795383
108,693341,817040
109,701712,837739
110,710545,857445
111,719398,878678
112,729906,899707
113,738443,921396
114,748805,943078
115,758548,965087
116,767568,989461
117,776273,1012195
118,785289,1035619
119,794127,1059222
120,803862,1092322
121,813250,1122692
122,822527,1152467
123,832422,1182112
124,841989,1213849
125,851461,1248391
126,862420,1284581
127,871175,1326016
128,976018,1330909
129,985051,1334074
130,994681,1337237
131,1041674,1340693
132,1050907,1344124
133,1059732,1347446
134,1069849,1350784
135,1081795,1354185
136,1091270,1357631
137,1100407,1361108
138,1109914,1364649
139,1119378,1368217
140,1128584,1371867
141,1139829,1375587
142,1151119,1379340
143,1160939,1383160
144,1170610,1387038
145,1184600,1392100
146,1194728,1396111
147,1205612,1400167
148,1215905,1404306
149,1227281,1408500
150,1245168,1416735
151,1255597,1423053
152,1266445,1427449
153,1276982,1431888
154,1287183,1436401
155,1298145,1440960
156,1308983,1445616
157,1319892,1450289
158,1330709,1455428
159,1341516,1460230
160,1352176,1465085
161,1363495,1469992
162,1374605,1475013
163,1386249,1480064
164,1398413,1485175
165,1436509,1490339
166,1448093,1495507
167,1466184,1502955
168,1477579,1508243
169,1493280,1515626
170,1507984,1522058
171,1519702,1527563
172,1537621,1539614
173,1558005,1547269
174,1576912,1554917
175,1592563,1560769
176,1607776,1566597
177,1620227,1572476
178,1632978,1578440
179,1645963,1584511
180,1659142,1590642
181,1674200,1596852
182,1687082,1603083
183,1700065,1609338
184,1714565,1615713
185,1734171,1622236
186,1747987,1628823
187,1761613,1635473
188,1775071,1642137
189,1788926,1648829
190,1802483,1655594
191,1815989,1662438
192,1829340,1669319
193,1844499,1676676
194,1858504,1683742
195,1872667,1690937
196,1887390,1698115
197,1901839,1705384
198,1918128,1713824
199,1932648,1721287
200,1947201,1729269
201,1962510,1736808
202,1976394,1744234
203,1991424,1751845
204,2005771,1759400
205,2019623,1767020
206,2036385,1774774
207,2050800,1782775
208,2066346,1791741
209,2083867,1799807
210,2101932,1807769
211,2117964,1815786
212,2132758,1825866
213,2147205,1834045
214,2161667,1842274
215,2176194,1850614
216,2191398,1863063
217,2205972,1871508
218,2221700,1881049
219,2236443,1889642
220,2252314,1899675
221,2267410,1908505
222,2282420,1917374
223,2297450,1926318
224,2314770,1935516
225,2331255,1944685
226,2347876,1954179
227,2364416,1965464
228,2380812,1975132
229,2397141,1985647
230,2413078,1995127
231,2433576,2005032
232,2446987,2014707
233,2460713,2025518
234,2473105,2035305
235,2490817,2048444
236,2503230,2058356
237,2516166,2068373
238,2528752,2078484
239,2543229,2089698
240,2555875,2099945
241,2568816,2110244
242,2581714,2120661
243,2594666,2131558
244,2607531,2142101
245,2620559,2152787
246,2633379,2163558
247,2648557,2174731
248,2661515,2185608
249,2674890,2196594
250,2692641,2210780
251,2706043,2221954
252,2720855,2236270
253,2735726,2247828
254,2758919,2259956
255,2782480,2273405
256,2797365,2286185
257,2811179,2297984
258,2824866,2309794
259,2838420,2321709
260,2854186,2336944
261,2868169,2350079
262,2882124,2362241
263,2896175,2374889
264,2910122,2387193
265,2924366,2399601
266,2938509,2412144
267,2953005,2431716
268,2967163,2444454
269,2981576,2457230
270,2998271,2473938
271,3014983,2486930
272,3031585,2501106
273,3046512,2514798
274,3060895,2528672
275,3077271,2541691
276,3091577,2555237
277,3109485,2572906
278,3126430,2586568
279,3144531,2601334
280,3159642,2615179
281,3177917,2630146
282,3194129,2646530
283,3212090,2663022
284,3228269,2678447
285,3245792,2695195
286,3262202,2709498
287,3277448,2725445
288,3292779,2739549
289,3307973,2753774
290,3324832,2769585
291,3342532,2788798
292,3358347,2803764
293,3375309,2818846
294,3390719,2833930
295,3407569,2851795
296,3423415,2866752
297,3442864,2884404
298,3462338,2901254
299,3624715,2919973
300,3636979,2939516
301,3647846,2958169
302,3661489,2974199
303,3677818,2990319
304,3694047,3006873
305,3710125,3025187
306,3721247,3041561
307,3732417,3060518
308,3745763,3079246
309,3764984,3097968
310,3783873,3117159
311,3799904,3136154
312,3811238,3153090
313,3823775,3171541
314,3835374,3188742
315,3846860,3206135
316,3858701,3223567
317,3870565,3242637
318,3882513,3260829
319,3894436,3279585
320,3906701,3298074
321,3918744,3316783
322,3933114,3335707
323,3946090,3354102
324,3958834,3373372
325,3971010,3392098
326,3983034,3410624
327,3995252,3430926
328,4008768,3449687
329,4020757,3468570
330,4033128,3487564
331,4047455,3507126
332,4059447,3526322
333,4073667,3546415
334,4087674,3570997
335,4100648,3590049
336,4112816,3611222
337,4127698,3635049
338,4141395,3657919
339,4153804,3677904
340,4167415,3697959
341,4180110,3718098
342,4195196,3738475
343,4208824,3759043
344,4223025,3780126
345,4237351,3807519
346,4251064,3828323
347,4265287,3850275
348,4280043,3871366
349,4292874,3892537
350,4306579,3915235
351,4322839,3936998
352,4335797,3959524
353,4348877,3981612
354,4363089,4005508
355,4376142,4028789
356,4389141,4050753
357,4401905,4073335
358,4414593,4095244
359,4428488,4117530
360,4441698,4139924
361,4456584,4163451
362,4470053,4188130
363,4483255,4210876
364,4497102,4233754
365,4511872,4260099
366,4526769,4290905
367,4541084,4317581
368,4555020,4341055
369,4568490,4364568
370,4582910,4391213
371,4597749,4416616
372,4611443,4440498
373,4625316,4464953
374,4642263,4492405
375,4657196,4520742
376,4673521,4546563
377,4688782,4573387
378,4704515,4599063
379,4718297,4623839
380,4732663,4650136
381,4747763,4675135
382,4761834,4700282
383,4775978,4727871
384,4791679,4753539
385,4807247,4781295
386,4822060,4808037
387,4836865,4835083
388,4851211,4860970
389,4865767,4889061
390,4879998,4915527
391,4896787,4950117
392,4911982,4978994
393,4927305,5006705
394,4943103,5035220
395,4961222,5088377
396,4985946,5119269
397,5002077,5147139
398,5017907,5179780
399,5033304,5208851
400,5049263,5237659
401,5065363,5267686
402,5081125,5296779
403,5096291,5326179
404,5113223,5356714
405,5131320,5386921
406,5146911,5415195
407,5162206,5444698
408,5178047,5473300
409,5193566,5501998
410,5208823,5530803
411,5225892,5563570
412,5240926,5592678
413,5256373,5622248
414,5272850,5654549
415,5290716,5686752
416,5308440,5718774
417,5324298,5748841
418,5341946,5780526
419,5358478,5812701
420,5376387,5846717
421,5394263,5879499
422,5511870,5911461
423,5529231,5943443
424,5547032,5975269
425,5566593,6016585
426,5583935,6051141
427,5600271,6083357
428,5617004,6119569
429,5635055,6153029
430,5928595,6186787
431,5962852,6219879
432,5982452,6262161
433,6000662,6295254
434,6017527,6328550
435,6038497,6364365
436,6055216,6397918
437,6073051,6432101
438,6089804,6465993
439,6107232,6502381
440,6124409,6551836
441,6142292,6589139
442,6159763,6624202
443,6177228,6664202
444,6194827,6698932
445,6212398,6733894
446,6229786,6769506
447,6246971,6804840
448,6264922,6840374
449,6282379,6876186
450,6304680,6915459
451,6322315,6952337
452,6340324,6988628
453,6370233,7027122
454,6396300,7091479
455,6420418,7136700
456,6448603,7173504
457,6466717,7210365
458,6487990,7247379
459,6506393,7284997
460,6525233,7322330
461,6544001,7359778
462,6562199,7399851
463,6580441,7437631
464,6599067,7477666
465,6617100,7515874
466,6640421,7560433
467,6659078,7599990
468,6678071,7638699
469,6696992,7678231
470,6715577,7719049
471,6736079,7763058
472,6755137,7802372
473,6774553,7841809
474,6793381,7882052
475,6815405,7921665
476,6834223,7961529
477,6853836,8002074
478,6872366,8042416
479,6891631,8083502
480,6912087,8125259
481,6931102,8166888
482,6957792,8211594
483,6981241,8252816
484,7001436,8293839
485,7020742,8337405
486,7040729,8379137
487,7062253,8420688
488,7082126,8462520
489,7101274,8505465
490,7123224,8548977
491,7145451,8591509
492,7165975,8633579
493,7185123,8677471
494,7206356,8720438
495,7226250,8763629
496,7246275,8807494
497,7266498,8851624
498,7286935,8900301
499,7307390,8944025
500,7327917,8988560
501,7348174,9032748
502,7368522,9077546
503,7388960,9122362
504,7409992,9167140
505,7430715,9212316
506,7451038,9257493
507,7471589,9302507
508,7491873,9348141
509,7512762,9394007
510,7534429,9469206
511,7554891,9546356
512,7576139,9622983
513,7595840,9698610
514,7616451,9775027
515,7637525,9851377
516,7658933,9927779
517,7839722,10007345
518,7861610,10086172
519,7881587,10160838
520,7901338,10237958
521,7921364,10315451
522,7941205,10390923
523,7961216,10469083
524,7981799,10545103
525,8001848,10621560
526,8023946,10701747
527,8044292,10778772
528,8064815,10861589
529,8086637,10945680
530,8106861,11025740
531,8129112,11118076
532,8149977,11201194
533,8171551,11284639
534,8194142,12471790
535,8216468,12553666
536,8239773,12636612
537,8263437,12717496
538,8284125,12799914
539,8305417,12884176
540,8327598,12990718
541,8349444,13079048
542,8372394,13164022
543,8406678,13252054
544,8437333,13338364
545,8462420,13423493
546,8483605,13506354
547,8523000,13589780
548,8546486,13687381
549,8569447,14022605
550,8592451,14109442
551,8614075,14194950
552,8636070,14286086
553,8659153,14381557
554,8691265,14473662
555,8723903,14564210
556,8754067,14656940
557,8779634,14755597
558,8803331,14846173
559,8826764,14938859
560,8849431,15029945
561,8872613,15121423
562,8896396,15212440
563,8919376,15303915
564,8942286,15396097
565,8965627,15488802
566,8988750,15612225
567,9016523,15709047
568,9049116,15807939
569,9078616,15902967
570,9102384,15996610
571,9125894,16091272
572,9152443,16925989
573,9177147,17028443
574,9202195,17176926
575,9229102,17273570
576,9252788,17368086
577,9277580,17718622
578,9302935,17815369
579,9329291,17913973
580,9353467,18011269
581,9377236,18104827
582,9403474,18202493
583,9429009,18303158
584,9456390,18403766
585,9479830,18502081
586,9503490,18600984
587,9527464,18700812
588,9551528,18800305
589,9579814,18901054
590,9608941,19005747
591,9635210,19107758
592,9658674,19219188
593,9685534,19328382
594,9709765,19432478
595,9736174,19534414
596,9859155,19636847
597,9884311,19745238
598,9912120,19858050
599,9936556,19966171
600,9966293,20075601
601,9991164,20182836
602,10016196,20292715
603,10042688,20405475
604,10066358,20522199
605,10093490,20640513
606,10120930,20746030
607,10145473,20852744
608,10170519,20961268
609,10195295,21070100
610,10230305,21185003
611,10256892,21296077
612,10281169,21406654
613,10306424,21521193
614,10330609,21631971
615,10358849,21747768
616,10384324,21863698
617,10413632,21974885
618,10437773,22085372
619,10464554,22195862
620,10490412,22309157
621,10514423,22415866
622,10544617,22536415
623,10570142,22649628
624,10594390,22757327
625,10618485,22865591
626,10642763,22976549
627,10667139,23085383
628,10691708,23194608
629,10718116,23309004
630,10742630,23424461
631,10766962,23542338
632,10792927,23666729
633,10818373,23782717
634,10846414,23899600
635,10873119,24014729
636,10900288,24124380
637,10926230,24248149
638,10952281,24369234
639,10977943,24494044
640,11003758,24610045
641,11030182,24730456
642,11057319,24852301
643,11082923,24974395
644,11111410,25092766
645,11135421,25210601
646,11159537,25325449
647,11188023,25447766
648,11212456,25562875
649,11241484,25682668
650,11266305,25804402
651,11292247,25927185
652,11317838,26058083
653,11345412,26181080
654,11372776,26308435
655,11398201,26445016
656,11424000,26565209
657,11452000,26686815
658,11478116,26809111
659,11506907,26937574
660,11533679,27061849
661,11561322,27186280
662,11587112,27310120
663,11614476,27439044
664,11642749,27562398
665,11677144,27691268
666,11717367,27821394
667,11754955,27940647
668,11795514,28065518
669,11835662,28199581
670,11873604,28325865
671,11912233,28451912
672,11952758,28576116
673,11989861,28697573
674,12024350,28819598
675,12059074,28947272
676,12099160,29072400
677,12138935,29200436
678,12179892,29326431
679,12218003,29449919
680,12255887,29578808
681,12293945,29708746
682,12333503,29839918
683,12373742,29970941
684,12419466,30108364
685,12457598,30234298
686,12496829,30361720
687,12540447,30498192
688,12583808,30640499
689,12624752,30775336
690,12663211,30907019
691,12703557,31043265
692,12743429,31177321
693,12786542,31316023
694,12826577,31457834
695,12868269,31599343
696,12911062,31739371
697,12954284,31881931
698,12997630,32022680
699,13039872,32164954
700,13082458,32307435
701,13123390,32452021
702,13166774,32592817
703,13209392,32736117
704,13251146,32878383
705,13293453,33021566
706,13337680,33166755
707,13380367,33309543
708,13421619,33455842
709,13461251,33597599
710,13506541,33743856
711,13546900,33883878
712,13590519,34030400
713,13630304,34166919
714,13670324,34303657
715,13720999,34453638
716,13763039,34594607
717,13812299,34750014
718,13854014,34890348
719,13895591,35043962
720,13938938,35203091
721,13980511,35347667
722,14026371,35504447
723,14069977,35649759
724,14119558,35807375
725,14261789,35957315
726,14293930,36109239
727,14325349,36269188
728,14355830,36429306
729,14384385,36586446
730,14416838,36737901
731,14446417,36892328
732,14477284,37045806
733,14507534,37200016
734,14537612,37354395
735,14567499,37513322
736,14599201,37668028
737,14635614,37825283
738,14666554,37982524
739,14697083,38139542
740,14727425,38297307
741,14758411,38453351
742,14801616,38613408
743,14843347,38778461
744,14873561,38937022
745,14904748,39096961
746,14936066,39259502
747,14966344,39422366
748,14998251,39583004
749,15028889,39751055
750,15062451,39908869
751,15092647,40069930
752,15129929,40232559
753,15160865,40395227
754,15191872,40558580
755,15222953,40722803
756,15253161,40890272
757,15290339,41058580
758,15322422,41224129
759,15352951,41397685
760,15384918,41566254
761,15416179,41730826
762,15448470,41914101
763,15479954,42081934
764,15511317,42249946
765,15543445,42418720
766,15575529,42586370
767,15607012,42754602
768,15638280,42924489
769,15669505,43094522
770,15701667,43264608
771,15734709,43437313
772,15767989,43607750
773,15802476,43781640
774,15837151,43954152
775,15869544,44127286
776,15903818,44302251
777,15936579,44476833
778,15971644,44652416
779,16004936,44827945
780,16038126,45003694
781,16077291,45181761
782,16112367,45358726
783,16146098,45535645
784,16178960,45714942
785,16211399,45893479
786,16244755,46070869
787,16277394,46248583
788,16310753,46428170
789,16342990,46606984
790,16376633,46786358
791,16411773,46966340
792,16445032,47147180
793,16478956,48248775
794,16513046,48429957
795,16546591,48611935
796,16580100,48794061
797,16614316,49992632
798,16648714,50174867
799,16682104,50359244
800,16715848,50543147
801,16749434,50727561
802,16784182,50913482
803,16822451,51261348
804,16857752,51468583
805,16892403,51655191
806,16926165,51841899
807,16960944,52028899
808,16994872,52217257
809,17029297,52406483
810,17063788,52596078
811,17098342,52784779
812,17132666,52975230
813,17166916,53165919
814,17201039,53355696
815,17235972,53546930
816,17269993,53745641
817,17305464,53938496
818,17340348,54132099
819,17374570,54325354
820,17408845,54519095
821,17443431,54712896
822,17478008,54907376
823,17512438,55101901
824,17547678,55342284
825,17588272,55608415
826,17622826,55805811
827,17658696,56006615
828,17693254,56203890
829,17728697,56402519
830,17763696,56600661
831,17798255,56807459
832,17833795,57006426
833,17869891,57206434
834,18022695,57406086
835,18058312,57608288
836,18094335,57809265
837,18129326,58011384
838,18166769,58218034
839,18203153,58421162
840,18239329,58625649
841,18274588,58831449
842,18309739,59035237
843,18345333,59239155
844,18385612,59449394
845,18419924,59653314
846,18455037,59867018
847,18490625,60071297
848,18525438,60274443
849,18561233,60482051
850,18597262,60689826
851,18634098,60900665
852,18669060,61108069
853,18704375,61320924
854,18739050,61529692
855,18776549,61735982
856,18811324,61945510
857,18846108,62150490
858,18885525,62368246
859,18922266,62575227
860,18958994,62785156
861,18995989,63000936
862,19036142,63211990
863,19071366,63430312
864,19105341,63640938
865,19142414,63848462
866,19177553,64055380
867,19215656,64260742
868,19250600,64471613
869,19288054,64677156
870,19327933,64886865
871,19362688,65090264
872,19396936,65309459
873,19432108,65529781
874,19466173,65738886
875,19504320,65955282
876,19539292,66169056
877,19576756,66385560
878,19612718,66603111
879,19651003,66819315
880,19688745,67045994
881,19725105,67272108
882,19761150,67498436
883,19798113,67720217
884,19835393,67957833
885,19874277,68185853
886,19914383,68405718
887,19956413,68645213
888,19993526,68881284
889,20037705,69125883
890,20076103,69354273
891,20120505,69584437
892,20158007,69814494
893,20195601,70043801
894,20232873,70270817
895,20271084,70501076
896,20307593,70728394
897,20345786,70955462
898,20383799,71179503
899,20420673,71404959
900,20457119,71633870
901,20494782,71865868
902,20533248,72092079
903,20570306,72326472
904,20608370,72557904
905,20646730,72787879
906,20684419,73017637
907,20721899,73248004
908,20761607,73484882
909,20799160,73713950
910,20838363,73947676
911,20876116,74174537
912,20912947,74400036
913,20949073,74627992
914,20985268,74856144
915,21021085,75086229
916,21057092,75313092
917,21093955,75540753
918,21130257,75768196
919,21166180,75994369
920,21203228,76223897
921,21239432,76450902
922,21275865,76678490
923,21312075,76906600
924,21348399,77135441
925,21384910,77364349
926,21514586,77598674
927,21553216,77830115
928,21589970,78060750
929,21626684,78291851
930,21663548,78523041
931,21700603,78758882
932,21737548,78991406
933,21777668,79229255
934,21814870,79466682
935,21852014,79700774
936,21888705,79935295
937,21925939,80169910
938,21962770,80405230
939,21999867,80641019
940,22036911,80879485
941,22073832,81116331
942,22110967,81353676
943,22148135,81591761
944,22186182,81831100
945,22223420,82070115
946,22261118,82309409
947,22298511,82549504
948,22336856,82791066
949,22374165,83032126
950,22411672,83273554
951,22449133,83515309
952,22486630,83757809
953,22524633,84000872
954,22562362,84247498
955,22600244,84495509
956,22637720,84739874
957,22675397,84984833
958,22713200,85230385
959,22751187,85478867
960,22788785,85725401
961,22826579,85972413
962,22864599,86224577
963,22902673,86472700
964,22940714,86721173
965,22979296,86970094
966,23017094,87219837
967,23055334,87470011
968,23093673,87720766
969,23131736,87976312
970,23169784,88227902
971,23213948,88518385
972,23253789,88777418
973,23301401,89046653
974,23342042,89303061
975,23380799,89561216
976,23419387,89818285
977,23458311,90075966
978,23497368,90332531
979,23542844,90606640
980,23581570,90863253
981,23620741,91120365
982,23659817,91384359
983,23698868,91642601
984,23738158,91905439
985,23777427,92164499
986,23816885,92424645
987,23856165,92685316
988,23895455,92945899
989,23934723,93209241
990,23973812,93471451
991,24013735,93734250
992,24052919,93997307
993,24092519,94261100
994,24131896,94525273
995,24171704,94796092
996,24211620,95061524
997,24251252,95330042
998,24290720,95596392
999,24330788,95862970
1000,24370769,96130229
1001,24411109,96398103
1002,24451465,96668719
1003,24491761,96937513
1004,24531938,97207063
1005,24571877,97477183
1006,24611937,97747808
1007,24652304,98025278
1008,24693711,98297961
1009,24805087,98578673
1010,24845409,98851402
1011,24885867,99126808
1012,24926159,99400552
1013,24966689,99674969
1014,25007130,99949480
1015,25047588,100228863
1016,25088191,100504674
1017,25128760,100781123
1018,25169745,101057939
1019,25210296,101335531
1020,25250887,101613627
1021,25291579,101896526
1022,25332562,102175719
1023,25373371,102455453
1024,25414404,102735666
1025,25455010,103016432
1026,25496187,103298080
1027,25537422,103596036
1028,25583628,103895263
1029,25624416,104178382
1030,25665484,104462085
1031,25706356,104746165
1032,25747727,105037115
1033,25789324,105326755
1034,25830256,105612641
1035,25871778,105898981
1036,25913539,106187973
1037,25954877,106475341
1038,25996219,106763374
1039,26039713,107052217
1040,26081299,107341387
1041,26122504,107631254
1042,26165184,107922816
1043,26206735,108213729
1044,26248676,108505329
1045,26291040,108801422
1046,26332984,109093879
1047,26374899,109387147
1048,26416915,109680786
1049,26459119,109975063
1050,26501398,110272544
1051,26543269,110569898
1052,26585679,110865320
1053,26628051,111161764
1054,26670796,111458830
1055,26713318,111756565
1056,26755905,112058638
1057,26798921,112361365
1058,26841508,112660652
1059,26884618,112960241
1060,26927100,113260565
1061,26969822,113564651
1062,27012709,113866125
1063,27055773,114172175
1064,27099008,114474838
1065,27141731,114780007
1066,27184898,115083756
1067,27227980,115388095
1068,27271003,115693065
1069,27314175,116000483
1070,27357921,116306568
1071,27402221,116614258
1072,27445370,116921519
1073,27488541,117229331
1074,27534941,117539604
1075,27578604,117848241
1076,27622328,118157554
1077,27666034,118467771
1078,27709309,118778412
1079,27752907,119089785
1080,27796193,119403598
1081,27840041,119715901
1082,27883859,120028942
1083,27987801,120353827
1084,28031387,120667975
1085,28075573,120988876
1086,28119559,121304063
1087,28165227,121640275
1088,28208984,121963610
1089,28252846,122284506
1090,28297079,122606755
1091,28343544,122927174
1092,28387505,123245431
1093,28431560,123564772
1094,28475373,123884688
1095,28519131,124205280
1096,28563236,124528388
1097,28607704,124850037
1098,28652158,125172081
1099,28697427,125496355
1100,28741870,125819670
1101,28786731,126145868
1102,28831109,126475050
1103,28875831,126800227
1104,28920477,127125960
1105,28964850,127452482
1106,29009953,127779670
1107,29054822,128109132
1108,29099712,128437479
1109,29145063,128766392
1110,29189964,129095821
1111,29234803,129425701
1112,29279830,129758285
1113,29324771,130093877
1114,29369770,130425727
1115,29415553,130757978
1116,29460584,131090853
1117,29505749,131424601
1118,29553452,131760693
1119,29599155,132095372
1120,29645005,132430693
1121,29690661,132766311
1122,29736143,133102607
1123,29781878,133441696
1124,29827622,133779448
1125,29873655,134119503
1126,29919777,134458389
1127,29966119,134797965
1128,30012134,135139833
1129,30057484,135480355
1130,30103544,135821590
1131,30149291,136163531
1132,30195100,136509969
1133,30240909,136852760
1134,30289126,137196526
1135,30334774,137540842
1136,30386917,137885508
1137,30433096,138230981
1138,30479307,138578943
1139,30527500,138927605
1140,30573739,139274640
1141,30619708,139622659
1142,30666690,139970798
1143,30713274,140319893
1144,30759771,140671490
1145,30806464,141021769
1146,30852847,141372720
1147,30899061,141726186
1148,30945441,142078527
1149,31052632,142437685
1150,31100123,142798059
1151,31146553,143152098
1152,31193410,143506570
1153,31240405,143861600
1154,31287509,144219492
1155,31339086,144596241
1156,31386444,144953118
1157,31435558,145312876
1158,31482925,145681002
1159,31530282,146040041
1160,31577163,146399685
1161,31624383,146759936
1162,31672016,147120677
1163,31719400,147488605
1164,31766973,147850663
1165,31814426,148212932
1166,31862130,148576432
1167,31909929,148940453
1168,31959517,149309615
1169,32007426,149674678
1170,32055113,150040520
1171,32102985,150407118
1172,32150527,150774122
1173,32198539,151145995
1174,32246740,151514309
1175,32294845,151883328
1176,32342800,152252842
1177,32391158,152622878
1178,32439016,152998131
1179,32487456,153369122
1180,32536043,153741144
1181,32584161,154113414
1182,32632715,154486467
1183,32680864,154864703
1184,32728819,155239161
1185,32777125,155614405
1186,32825564,155990270
1187,32874467,156370831
1188,32923018,156748063
1189,32972108,157125852
1190,33020750,157504282
1191,33069801,157887360
1192,33118879,158271225
1193,33167602,158651488
1194,33216324,159032262
1195,33264935,159413694
1196,33313127,159795245
1197,33362266,160182268
1198,33411269,160565449
1199,33460446,160949390
1200,33508876,161334128
1201,33557805,161723641
1202,33606979,162109531
1203,33656010,162496243
1204,33705576,162883246
1205,33754806,163273997
1206,33803983,163666612
1207,33853497,164056092
1208,33902934,164445964
1209,33951987,164836497
1210,34092576,165236499
1211,34142428,165644897
1212,34192340,166047065
1213,34241815,166452675
1214,34291698,166850446
1215,34346002,167246637
1216,34395242,167641405
1217,34445015,168045652
1218,34494443,168441911
1219,34545404,168841928
1220,34595020,169239515
1221,34644709,169637880
1222,34694347,170036313
1223,34747094,170435876
1224,34797104,170841369
1225,34847094,171242398
1226,34897286,171643973
1227,34947315,172046306
1228,34999904,172451205
1229,35050030,172856622
1230,35099969,173260715
1231,35154586,173700924
1232,35204915,174110466
1233,35255724,174516446
1234,35306086,174923209
1235,35357546,175333645
1236,35408130,175741664
1237,35459476,176154551
1238,35510468,176563983
1239,35560951,176973964
1240,35611712,177384885
1241,35662400,177800626
1242,35713655,178212507
1243,35764688,178625291
1244,35816328,179038583
1245,35867040,179456630
1246,35918624,179871350
1247,35970186,180286647
1248,36021670,180702388
1249,36072909,181118745
1250,36124444,181540715
1251,36176758,181964540
1252,36231992,182382971
1253,36283209,182802407
1254,36336595,183224350
1255,36388311,183645197
1256,36440174,184066298
1257,36492203,184488287
1258,36543814,184915083
1259,36595088,185338518
1260,36647221,185762445
1261,36698836,186186975
1262,36750271,186616650
1263,36801973,187042395
1264,36853523,187469004
1265,36905437,187896130
1266,37016452,188339009
1267,37069005,188773671
1268,37121071,189207125
1269,37173980,189642106
1270,37225618,190076962
1271,37282055,190514394
1272,37335629,190949085
1273,37387953,191385789
1274,37439991,191823278
1275,37496645,192265817
1276,37549224,192704727
1277,37601621,193146246
1278,37654351,193587869
1279,37706632,194037207
1280,37758912,194477024
1281,37811916,194919447
1282,37864686,195362504
1283,37920013,195807865
1284,37973064,196247867
1285,38026288,196691033
1286,38079251,197132631
1287,38132156,197579297
1288,38184894,198022465
1289,38237717,198466239
1290,38290714,198910636
1291,38346092,199357770
1292,38399111,199803734
1293,38452121,200250509
1294,38505506,200697551
1295,38561617,201144648
1296,38615485,201594629
1297,38669068,202045842
1298,38722477,202495874
1299,38776012,202950238
1300,38829330,203401527
1301,38883062,203853290
1302,38937124,204305925
1303,38991400,204762726
1304,39045476,205216922
1305,39099492,205671745
1306,39153390,206127328
1307,39210315,206585434
1308,39264995,207042423
1309,39318865,207501934
1310,39373293,207962758
1311,39429401,208423989
1312,39483921,208883790
1313,39538553,209343613
1314,39593236,209804795
1315,39654356,210295351
1316,39710086,210765223
1317,39764616,211228612
1318,39891809,211706717
1319,39946196,212171353
1320,40000855,212636701
1321,40055506,213102740
1322,40114438,213574162
1323,40169467,214041637
1324,40224478,214509353
1325,40278701,214978122
1326,40333462,215449647
1327,40388650,215923871
1328,40443293,216394846
1329,40498119,216865239
1330,40552980,217341537
1331,40608571,217814626
1332,40663510,218288170
1333,40718897,218766734
1334,40774571,219241852
1335,40830263,219717173
1336,40885413,220193337
1337,40943708,220671984
1338,40998553,221150009
1339,41054014,221628756
1340,41109254,222108177
1341,41165256,222592421
1342,41220987,223073275
1343,41276676,223554465
1344,41331948,224036725
1345,41387603,224524157
1346,41443313,225007830
1347,41499516,225492289
1348,41557725,225978558
1349,41613569,226464624
1350,41669780,226951145
1351,41725435,227438634
1352,41781383,227930971
1353,41837528,228419854
1354,41893692,228909407
1355,41949484,229399574
1356,42006165,229902385
1357,42062130,230396629
1358,42118610,230888991
1359,42177070,231386969
1360,42233433,231880672
1361,42289837,232375211
1362,42346069,232870580
1363,42402751,233368835
1364,42461797,233867439
1365,42519066,234365096
1366,42635329,234872224
1367,42692401,235375780
1368,42749539,235875497
1369,42806600,236376028
1370,42864197,236880628
1371,42920920,237382392
1372,42978255,237884853
1373,43035678,238387960
1374,43094995,238894447
1375,43152237,239399402
1376,43209953,239904706
1377,43267028,240415247
1378,43324876,240922382
1379,43382490,241430194
1380,43440541,241938389
1381,43500404,242452422
1382,43558991,242962531
1383,43616923,243474300
1384,43674398,243989867
1385,43732372,244502022
1386,43790306,245014973
1387,43848591,245527918
1388,43906215,246044352
1389,43963311,246561571
1390,44021041,247077307
1391,44078657,247597761
1392,44136679,248114848
1393,44194254,248633028
1394,44252401,249151909
1395,44310888,249675319
1396,44369333,250195579
1397,44427859,250716484
1398,44486708,251242741
1399,44545280,251765185
1400,44603274,252288602
1401,44661828,252812510
1402,44720093,253341516
1403,44778537,253867130
1404,44837153,254393336
1405,44895795,254942138
1406,44958555,255489643
1407,45017305,256017732
1408,45075400,256547082
1409,45139878,257080876
1410,45198561,257611796
1411,45312873,258150548
1412,45372166,258687025
1413,45431277,259220934
1414,45490518,259754576
1415,45549700,260292877
1416,45609072,260828191
1417,45667812,261364365
1418,45727068,261901176
1419,45786498,262443069
1420,45845213,262981268
1421,45904527,263520299
1422,45963959,264061795
1423,46023837,264602487
1424,46083288,265145674
1425,46143522,265691418
1426,46203709,266233868
1427,46263040,266777539
1428,46322496,267322013
1429,46382487,267871461
1430,46442606,268417284
1431,46502839,268963745
1432,46562836,269515488
1433,46622986,270063732
1434,46683066,270612768
1435,46743058,271167021
1436,46803391,271717365
1437,46863657,272268642
1438,46923512,272827341
1439,46983460,273380082
1440,47043752,273933569
1441,47104369,274487747
1442,47165087,275049122
1443,47225830,275604981
1444,47286515,276161541
1445,47347477,276722699
1446,47407944,277280770
1447,47468905,277839870
1448,47529632,278403412
1449,47591443,278963312
1450,47652684,279525729
1451,47715492,280090338
1452,47776522,280653197
1453,47837174,281216943
1454,47963644,281790768
1455,48027184,282367391
1456,48087861,282939178
1457,48148846,283511786
1458,48209999,284085736
1459,48273295,284654455
1460,48335163,285224273
1461,48397080,285801594
1462,48458119,286372192
1463,48519559,286943472
1464,48581056,287520028
1465,48642732,288092895
1466,48704381,288666824
1467,48765909,289245760
1468,48828069,289820885
1469,48889695,290396780
1470,48951408,290977883
1471,49013508,291559338
1472,49075199,292139413
1473,49136653,292720604
1474,49198542,293300543
1475,49260364,293881206
1476,49326896,294466509
1477,49388899,295052635
1478,49450538,295635609
1479,49512411,296219321
1480,49574567,296807856
1481,49636833,297393344
1482,49699450,297979456
1483,49761669,298570364
1484,49824226,299158002
1485,49890725,299768670
1486,49953925,300395038
1487,50022772,300995920
1488,50087588,301589169
1489,50151163,302188940
1490,50214253,302781502
1491,50276626,303375108
1492,50342388,303969967
1493,50405789,304564696
1494,50520751,305166440
1495,50583901,305767691
1496,50646619,306365097
1497,50710011,306963189
1498,50774582,307565374
1499,50837706,308165296
1500,50900909,308765854
1501,50964007,309371729
1502,51027191,309974202
1503,51091796,310578075
1504,51155686,311187615
1505,51219354,311792337
1506,51282945,312397418
1507,51346929,313007544
1508,51410584,313614024
1509,51473431,314221944
1510,51537089,314834709
1511,51601478,315443640
1512,51664871,316053884
1513,51729217,316669734
1514,51793134,317281631
1515,51857262,317894219
1516,51921241,318512027
1517,51985870,319125923
1518,52049908,319741036
1519,52114690,320360963
1520,52178768,320977706
1521,52243161,321594758
1522,52309504,322213078
1523,52373510,322831555
1524,52437411,323455380
1525,52501899,324080431
1526,52566615,324703990
1527,52631607,325330766
1528,52695996,325954024
1529,52760219,326578067
1530,52824775,327207319
1531,52889595,327832800
1532,52954132,328459156
1533,53096905,329095950
1534,53161800,329729732
1535,53228992,330362541
1536,53293814,331002582
1537,53361231,331641551
1538,53428095,332277233
1539,53493013,332922214
1540,53558746,333562956
1541,53623856,334200591
1542,53693493,334844007
1543,53758520,335480290
1544,53824333,336116600
1545,53889898,336762605
1546,53955673,337407829
1547,54023456,338049166
1548,54089070,338688826
1549,54154973,339329279
1550,54221002,339976834
1551,54286938,340618764
1552,54363738,341265113
1553,54431997,341912835
1554,54497789,342557426
1555,54563954,343202752
1556,54630436,343853086
1557,54695975,344502045
1558,54768435,345172518
1559,54841841,345853608
1560,54908361,346503154
1561,54974714,347157360
1562,55041165,347808153
1563,55108518,348459809
1564,55175279,349116740
1565,55241568,349770404
1566,55308314,350424491
1567,55377803,351081426
1568,55444545,351747252
1569,55511904,352403939
1570,55644448,353073073
1571,55711985,353732312
1572,55779827,354430657
1573,55855052,355125731
1574,55926296,355798987
1575,55999595,356517384
1576,56068003,357193977
1577,56152846,357916894
1578,56222413,358607540
1579,56299311,359316167
1580,56368167,359999047
1581,56450188,360715527
1582,56518668,361402246
1583,56586260,362115351
1584,56657490,362784898
1585,56725018,363464845
1586,56798116,364179209
1587,56866250,364866300
1588,56934074,365555244
1589,57001695,366229066
1590,57069397,366913856
1591,57137014,367593699
1592,57204662,368269944
1593,57271784,368951547
1594,57339540,369629426
1595,57407240,370308344
1596,57475036,370992271
1597,57542886,371672646
1598,57610656,372353875
1599,57678985,373040290
1600,57747543,373725214
1601,57816463,374408806
1602,57888987,375093758
1603,57957192,375779314
1604,58025716,376471261
1605,58167735,377168119
1606,58238824,377886281
1607,58311149,378596148
1608,58379654,379290358
1609,58448112,379983241
1610,58516551,380675633
1611,58587934,381368110
1612,58658943,382063352
1613,58727512,382759590
1614,58796363,383454422
1615,58865786,384154182
1616,58934944,384851144
1617,59004319,385552976
1618,59073481,386251104
1619,59142914,386950489
1620,59211985,387655000
1621,59281491,388356139
1622,59351331,389061950
1623,59422015,389779967
1624,59498582,390506115
1625,59568492,391217322
1626,59638087,391929205
1627,59707962,392639507
1628,59777952,393346682
1629,59847315,394054697
1630,59917468,394767628
1631,59987773,395477381
1632,60058233,396187818
1633,60128590,396903414
1634,60198499,397615738
1635,60269047,398333044
1636,60339596,399046950
1637,60410528,399761810
1638,60480954,400483339
1639,60624117,401208769
1640,60695078,401930560
1641,60766019,402648494
1642,60837131,403367626
1643,60910443,404090034
1644,60980287,404810751
1645,61050329,405536581
1646,61120766,406259145
1647,61191755,406982418
1648,61262930,407710614
1649,61333822,408435957
1650,61404933,409169075
1651,61475671,409895864
1652,61547052,410623593
1653,61618157,411356343
1654,61689075,412086040
1655,61761344,412817894
1656,61832426,413549314
1657,61903527,414285819
1658,61974812,415023242
1659,62046421,415757654
1660,62117852,416497047
1661,62189437,417232862
1662,62261304,417969294
1663,62332571,418711281
1664,62404115,419449797
1665,62475022,420193555
1666,62547045,420936406
1667,62618285,421677561
1668,62693300,422422605
1669,62764988,423165773
1670,62837267,423915204
1671,62976627,424668588
1672,63048938,425416142
1673,63120724,426164652
1674,63193122,426914058
1675,63265679,427666880
1676,63338253,428415961
1677,63413016,429168242
1678,63485391,429919239
1679,63557410,430671289
1680,63630442,431435856
1681,63703160,432189871
1682,63775911,432948824
1683,63848751,433704363
1684,63921445,434460761
1685,63997823,435247905
1686,64071725,436019236
1687,64144559,436784443
1688,64217226,437544404
1689,64290537,438310519
1690,64363478,439072376
1691,64436610,439834957
1692,64508896,440603130
1693,64582492,441367659
1694,64655282,442137727
1695,64729063,442903580
1696,64802576,443670882
1697,64877488,444447964
1698,64950165,445221028
1699,65023178,445995126
1700,65096184,446765833
1701,65245331,447546443
1702,65319877,448318785
1703,65393485,449092417
1704,65466582,449871096
1705,65540670,450646697
1706,65613808,451427443
1707,65687560,452204845
1708,65761376,452987287
1709,65835090,453766353
1710,65908062,454546194
1711,65981938,455331504
1712,66056045,456113603
1713,66130267,456900365
1714,66204549,457683810
1715,66277821,458472650
1716,66352246,459257867
1717,66426047,460044304
1718,66502263,460833918
1719,66576223,461621953
1720,66650508,462415458
1721,66724857,463205253
1722,66798580,463998137
1723,66873731,464798799
1724,66948148,465597360
1725,67024431,466397381
1726,67099162,467194443
1727,67173518,467994387
1728,67248052,468790848
1729,67322731,469592591
1730,67397581,470391617
1731,67535357,471198858
1732,67611873,472001275
1733,67686570,472803820
1734,67760931,473612319
1735,67835737,474415059
1736,67910847,475223412
1737,67985814,476028075
1738,68061005,476838056
1739,68136231,477644160
1740,68211415,478454041
1741,68285983,479266570
1742,68361363,480075771
1743,68439157,480918371
1744,68515736,481750993
1745,68591505,482569632
1746,68669316,483383760
1747,68747678,484199204
1748,68822722,485013901
1749,68898592,485829532
1750,68973657,486650732
1751,69048670,487468435
1752,69124409,488290038
1753,69199886,489109729
1754,69276177,489934495
1755,69352056,490756030
1756,69428083,491582670
1757,69503986,492408170
1758,69580156,493232553
1759,69730388,494066641
1760,69806527,494892949
1761,69881927,495724407
1762,69958611,496559551
1763,70035149,497402064
1764,70113556,498254314
1765,70189653,499089451
1766,70265531,499921420
1767,70341304,500758421
1768,70417784,501594079
1769,70494263,502433007
1770,70570429,503268395
1771,70647161,504104858
1772,70723198,504948132
1773,70799827,505786513
1774,70876294,506638036
1775,70960437,507563947
1776,71049185,508458405
1777,71131207,509335864
1778,71208179,510196881
1779,71292894,511044723
1780,71369091,511893861
1781,71445390,512739658
1782,71522385,513603472
1783,71601279,514453621
1784,71677870,515306573
1785,71755054,516156431
1786,71899842,517014685
1787,71977114,517870130
1788,72054445,518725975
1789,72132845,519583734
1790,72209789,520437936
1791,72287477,521297420
1792,72364822,522153628
1793,72444866,523014580
1794,72522298,523872818
1795,72600412,524736280
1796,72678048,525596669
1797,72756452,526463443
1798,72835021,527334469
1799,72913480,528201430
1800,72990870,529065599
1801,73069075,529930373
1802,73152504,530796115
1803,73231580,531668157
1804,73309668,532540340
1805,73393297,533450802
1806,73471957,534326612
1807,73562083,535223394
1808,73639859,536103429
1809,73726266,537043358
1810,73805683,537934884
1811,73884264,538817100
1812,74026450,539709129
1813,74105019,540585648
1814,74184448,541470434
1815,74263900,542348800
1816,74343753,543231817
1817,74423436,544112669
1818,74502935,544997847
1819,74581811,545880336
1820,74661162,546767675
1821,74741127,547651756
1822,74820128,548541251
1823,74899586,549427694
1824,74979281,550323842
1825,75059599,551211716
1826,75139585,552105483
1827,75219442,552995814
1828,75299746,553890819
1829,75380222,554782434
1830,75459901,555675581
1831,75544780,556569882
1832,75625043,557465117
1833,75705244,558365099
1834,75785708,559262090
1835,75867099,560162245
1836,75947023,561061458
1837,76102824,561980154
1838,76182899,562893219
1839,76264372,563796613
1840,76345003,564701334
1841,76434009,565630454
1842,76513674,566538894
1843,76594250,567448089
1844,76673866,568354862
1845,76753546,569266922
1846,76833104,570175818
1847,76916380,571086969
1848,76996719,571999083
1849,77078046,572920759
1850,77158391,573833569
1851,77238736,574751043
1852,77319250,575670091
1853,77399774,576590116
1854,77480893,577506651
1855,77562165,578429484
1856,77642224,579348005
1857,77722414,580272268
1858,77804310,581191730
1859,77885466,582117906
1860,77966666,583040436
1861,78113061,583980626
1862,78194187,584905155
1863,78275522,585835470
1864,78356559,586762124
1865,78438134,587694158
1866,78519553,588622727
1867,78601268,589556728
1868,78682574,590487276
1869,78764829,591422517
1870,78846758,592365356
1871,78930301,593303151
1872,79011417,594237629
1873,79094862,595174346
1874,79176348,596114586
1875,79258427,597056030
1876,79339879,597996374
1877,79422476,598935420
1878,79504941,599879727
1879,79587700,600821342
1880,79669187,601767755
1881,79751871,602710143
1882,79834704,603658457
1883,79916959,604603992
1884,80003989,605570139
1885,80148600,606539820
1886,80230966,607496755
1887,80313317,608452139
1888,80396826,609406079
1889,80479543,610357655
1890,80561883,611316540
1891,80644356,612269960
1892,80729436,613228641
1893,80811523,614188178
1894,80895050,615148778
1895,80977650,616106388
1896,81060729,617070598
1897,81143546,618030261
1898,81227335,619002348
1899,81309991,619964039
1900,81392525,620930951
1901,81474927,621894597
1902,81558124,622863324
1903,81640491,623833460
1904,81723976,624799905
1905,81809210,625771582
1906,81892727,626740277
1907,81981251,627710057
1908,82132049,628693166
1909,82216225,629669214
1910,82299090,630641875
1911,82382705,631619940
1912,82466587,632594822
1913,82550386,633574854
1914,82634065,634551540
1915,82719481,635531705
1916,82803036,636509795
1917,82887305,637493840
1918,82971622,638474766
1919,83056005,639460797
1920,83140633,640448014
1921,83225048,641431761
1922,83308994,642421642
1923,83393202,643407584
1924,83477644,644398470
1925,83561301,645386336
1926,83645542,646381983
1927,83734212,647376265
1928,83819350,648369131
1929,83903899,649361215
1930,83988893,650356704
1931,84138738,651385768
1932,84223218,652389000
1933,84307308,653387164
1934,84391949,654385872
1935,84477411,655390966
1936,84562350,656392058
1937,84646877,657396727
1938,84732159,658397956
1939,84817860,659404714
1940,84903102,660408242
1941,84991098,661414055
1942,85076713,662419398
1943,85162480,663430836
1944,85247868,664449454
1945,85333467,665458089
1946,85418989,666473985
1947,85504004,667484571
1948,85589247,668500768
1949,85674184,669513439
1950,85759779,670531531
1951,85845232,671546228
1952,85931334,672567073
1953,86083904,673591223
1954,86170159,674613381
1955,86255708,675636806
1956,86341252,676656752
1957,86426957,677685552
1958,86513541,678707570
1959,86600148,679735148
1960,86686719,680759355
1961,86776044,681796691
1962,86862645,682823291
1963,86949375,683854969
1964,87036211,684887924
1965,87122376,685917148
1966,87209302,686949584
1967,87295883,687985140
1968,87382435,689024166
1969,87469488,690057979
1970,87556388,691097126
1971,87642564,692132828
1972,87728971,693176102
1973,87815558,694217888
1974,87972857,695267400
1975,88059813,696311572
1976,88149036,697379582
1977,88240098,698440501
1978,88327816,699483847
1979,88414595,700533687
1980,88502943,701586000
1981,88589799,702632177
1982,88676220,703684217
1983,88763260,704735587
1984,88851266,705789177
1985,88938360,706839972
1986,89026245,707897361
1987,89112980,708954040
1988,89201155,710016241
1989,89288629,711075337
1990,89375550,712130333
1991,89462198,713197356
1992,89549371,714255186
1993,89638519,715316669
1994,89726911,716380397
1995,89881945,717454174
1996,89970954,718518387
1997,90058971,719585590
1998,90153206,720709034
1999,90255715,721835326
2000,90346859,722957276
